id,reference,hypothesis
common_voice_en_1075,A scientist in a lab coat is using a microscope.,A scientist in a lab coat is using a microscope.
common_voice_en_1272597,"A group of people, one of them with a guitar, were sitting by the campfire and singing songs.","A group of people, one of them with a guitar, were sitting by the campfire and singing songs."
common_voice_en_1282108,The medical examiner reported that the cause of death was a homicide.,The medical examiner reported that the cause of death was a homicide.
common_voice_en_1282109,Wait a minute!,wait a minute
common_voice_en_1416457,Valgrind detected multiple memory leaks.,Vulcan detected multiple memory leaks
common_voice_en_1416459,She lost her sight in a childhood accident.,She lost her sight in a jailed accident.
common_voice_en_1564420,Presumably Ryan never did any sanity checks.,"Presumably, Ryan never did any sanity checks."
common_voice_en_16030401,Boris the lion cried like a donkey.,Boris the Lion cried like a donkey.
common_voice_en_16665997,Curly brackets are hard to type.,Curly brackets are hard to type.
common_voice_en_17249216,"To understand recursion, one must first learn about recursion.","To understand recursion, one must first learn about recursion."
common_voice_en_17249769,"No, we don't laminate our business cards.","No, we don't laminate our business cards"
common_voice_en_17250887,"Look, the seam is now broken, it couldn't stand the jerk.","Look the seam is now broken, it couldn't stand the jerk."
common_voice_en_17250888,"I wanted the doll, but the auction became too expensive.",I wanted the doll but the auction became too expensive
common_voice_en_17259866,"The door was barred, locked, and bolted as well.","The dough was bored, locked and bolted as well."
common_voice_en_17268506,What are the facts?,What are the facts?
common_voice_en_17272411,"Somehow, the purple colour faded to gray.",Somehow the purple color faded to gray.
common_voice_en_17281451,"Grow angry slowly, there's plenty of time.",Go angry slowly. There is plenty of time.
common_voice_en_17281452,I'm not really sure what's involved in that.,I am not really sure what is involved in that.
common_voice_en_17285500,How about Egypt?,How about Egypt?
common_voice_en_17285501,"Fine, I agree this could be the case.","Fine, I agree this could be the case."
common_voice_en_17285876,Do you speak German?,Do you speak German?
common_voice_en_17285889,I suspect this may be someone new making themselves known.,I suspect this may be someone new making themselves known.
common_voice_en_17288801,Was it a good idea?,Was it a good idea?
common_voice_en_17289281,What on earth are you rambling about?,What on earth are you rambling about?
common_voice_en_17289296,"The landing was dimly light by a single, bare, low-power light-bulb.",The landing was dimly light but a single bare low-power light bulb.
common_voice_en_17291039,"The grim reaper is waiting for you, reckless driver!","The Grim Reaper is waiting for you, reckless driver."
common_voice_en_17297426,"In another year, maybe I can help.","In another year, maybe I can help."
common_voice_en_17298946,What else could it be?,What else could it be?
common_voice_en_17394275,"One short, solitary clown entered the ring honking an oversize horn while waving forlornly to the audience.","One short, solitary clown entered the ring honking an oversized horn while waving forlornly to the audience."
common_voice_en_17402622,Why do people even eat peanut butter and jelly?,why do people even eat peanut butter and jelly
common_voice_en_17417536,"Without haste, yet without rest unhasting, yet unresting.","Without haste yet without rest, on hasting you turn resting."
common_voice_en_17447763,"I could easily be wrong, so that's just a guess.",I could easily be wrong so that's just a guess
common_voice_en_17457254,Did anyone else share this lab at the time?,Did anyone else share this app at the time?
common_voice_en_17457255,"First she was moaning, then coughing and eventually her ventilation collapsed.","First she was moaning, then coughing and eventually her ventilation collapsed."
common_voice_en_17477644,"Your gran's been nicking stuff from the corner shop again, mate.","Your gran's been nicking stuff from the corner shop again, mate."
common_voice_en_17487671,Can you do your babysitting from outside my office?,Can you do your babysitting from outside my office?
common_voice_en_17562717,But what could he do?,But what could he do?
common_voice_en_17567680,Have you met Catherine?,Have you met Catherine?
common_voice_en_17661177,"Perhaps, you should just grow sea monkeys.","Perhaps you should just go and see your aunt, please."
common_voice_en_17680362,"What is it, then?",What is it then?
common_voice_en_17717647,Please Postman.,"Peace, Bosmer."
common_voice_en_17728543,What do you make of that?,What do you make of that?
common_voice_en_17728545,"It's raining heavily, take an umbrella.","Yes, reading here we can umbrella"
common_voice_en_17732764,They chose to build strong stone walls around the city.,They choose to build strong stone walls around the city.
common_voice_en_17758246,The irregular pattern comes from the pseudorandomness of the function.,the irregular pattern comes from the pseudo randomness of the function
common_voice_en_17763813,"No, of course not.","No, of course not."
common_voice_en_17763815,He stole the PIN to her bank account.,He stole the pen to her bank account.
common_voice_en_17875318,It was a good clock.,It was a good clock.
common_voice_en_17875322,Mister Robinson will be on time.,Mr. Robinson will be on time.
common_voice_en_17877327,Nothing else remains over for us. We have no alternative.,Nothing else remain over for us. We have no alternative.
common_voice_en_17878449,"Chickens lay so many eggs a week, it wouldn't be possible to breed them all.","Chickens lay so many eggs a week, it wouldn't be possible to breed them all."
common_voice_en_17880587,Sally was shrieking when she heard the horn of the cement-mixer behind her.,Sunny was drinking when she heard the horn of the cement mixer behind her.
common_voice_en_17880588,Anyone passing the bridge had to pay.,Anyone passing the bridge had to pay.
common_voice_en_17929383,You need more evidence than that.,You need more evidence than that.
common_voice_en_17947273,The bills were mailed promptly on the tenth of the month.,The bells were mailed promptly on the 10th of the month.
common_voice_en_18039405,I prefer to ride a taxi rather than train to go to the airport.,I prefer to ride a taxi rather than train to go to the airport.
common_voice_en_18062241,Fresh as a daisy.,fresh as a daisy
common_voice_en_18062248,I haven't been to this airport in years.,I haven't been to this airport in years.
common_voice_en_18208927,Check the main features on the website.,Check the main features on the website.
common_voice_en_18214584,This place is inaccessible by car due to the broken bridge.,This place is inaccessible by car due to the broken bridge.
common_voice_en_18229760,I only know the refrain.,I only know the refrain.
common_voice_en_18234258,Do you understand me?,Do you understand me?
common_voice_en_18235836,The doctor cured him with these pills.,The doctor cured him with these pills.
common_voice_en_18332492,"That's the sub-foreman, explained Thorpe.",That's some old man explain topic.
common_voice_en_18343224,These rumors may even originate with us.,These rumors may even originate with us.
common_voice_en_18392553,The juggler managed to keep five balls in the air at once.,The juggler managed to keep 5 balls in the air at once.
common_voice_en_18545940,It's all for nothing! he screamed rather than cried.,It's all for nothing. He screamed rather than cried.
common_voice_en_18545942,Jujitsu is a form of martial arts.,Jiu Jitsu is a form of martial arts.
common_voice_en_18553335,"Oh, dear no, miss, he said.",Oh dear no miss he said
common_voice_en_18553336,How should I know anything of her?,How should I know anything of her?
common_voice_en_18556,He sat looking at the sky for a long time.,He said looking at the sky for a long time
common_voice_en_18661019,"It draws, says Jo, ""as heavy as a cart.""","It draws, says Joe, as heavy as a cart."
common_voice_en_18661022,"No, no, my love, said he.",no no my love said he
common_voice_en_18710312,Dealers of card or dice games often displayed these full-body tattoos shirtless while playing.,dealer of card or dice games often display these full-bodied tattoos shirtless while playing
common_voice_en_18710315,"Many varietal and sub-specific names have been coined, as the plant is morphologically variable.",Many varietal and subspecific names have been coined as the plant is morphologically variable.
common_voice_en_18712894,"Notable cast members include Laura Harris, Enuka Okuma, and Ryan Reynolds.","Notable cast members include Laura Harris, Inuka Okuma and Ryan Reynolds."
common_voice_en_18723909,The video also features Fox.,The video also features Fox.
common_voice_en_18723995,Keller then became a hockey coach.,Keller then became a hockey coach.
common_voice_en_18723998,The anthem was written in Dutch.,The anthem was written in Dutch.
common_voice_en_18754521,It was built on land formerly held by the Macfadzeans.,It was built on land so we were ahead by a lot of chance.
common_voice_en_18754523,The rural population saw the old religious order in danger.,The rural populations are the oldest religious order in Belgium.
common_voice_en_18765645,Hasan Buzurg seemed intent on restoring unity to the Ilkhanate.,Hassan Muzarak's Seemed Intent on Restoring Unity to the Khalid
common_voice_en_18813644,His releases were mostly with Ravindra Rawal.,His releases were mostly with Ravindra Ravan.
common_voice_en_18813645,"It starred Hawks, Jack Dee, Doon Mackichan, Ben Miller, Alistair McGowan and Charlotte Page.","It starred Hawks, Jack D, Joan McEagan, Ben Miller, Alistair McCoven, and Charlotte Payne."
common_voice_en_18855071,There are two types of action research: participatory and practical.,there are two types of action research participatory and practical
common_voice_en_18855072,"Along with her parents, she lived in several countries including Cairo and London.","Along with her parents, she lived in several countries including Cairo and London."
common_voice_en_18893498,Most of the interior has been preserved intact.,Most of the interior has been preserved intact.
common_voice_en_18893500,Aurelian accepted Bahram I's gifts and the terms of peace offered.,early and accepted Bahram is gift and the terms of peace of it
common_voice_en_18976651,Nikiforos Hatzidakis was killed.,Nikki Forrest at the Zee Ducky School
common_voice_en_18976653,Banasura became invincible.,Bara Surah became invincible
common_voice_en_19045427,"Upon his father's death, he inherited his arms.","Upon his father's death, he inherited his arms."
common_voice_en_19100980,Both these features made it difficult to directly port the code to other architectures.,Both these features made it difficult to directly port the code to other architectures.
common_voice_en_19100981,Bradford and His Achievements.,Bradford and his achievements.
common_voice_en_19105943,The ability to digest lactose is not an evolutionary novelty in human populations.,The ability to digest lactose is not an evolutionary novelty in human populations.
common_voice_en_19105945,"When Jordan becomes the Spectre, he removes the Star Sapphire persona from Ferris.","When Jordan began the spectre, he removes the star sapphire persona from Ferraris."
common_voice_en_19213279,They have small white streaks on the forehead and black on their cheeks.,They have small white cheeks on the forehead and black on their cheeks.
common_voice_en_19213280,"More recently, members of the Eastercon convention have also been eligible to vote.","More recently, members of the Easter Con Convention have also been eligible to vote."
common_voice_en_19214185,He has been admitted to District of Columbia and Oklahoma Bars.,He has been admitted to District of Columbia and Oklahoma bars.
common_voice_en_19214190,The Borgosatollo's area is cross by Brescia-Parma railway.,The Borgkastel area is crossed by Brescia Farmer Railway.
common_voice_en_19451953,It is alpha-hemolytic and requires oxygen.,It is alpha hemolytic and requires oxygen.
common_voice_en_19533333,His father was a skilled melodeon player.,His father was a skilled Melodion player.
common_voice_en_19547888,"Chemical-filled smoke filled the sky, causing respiratory problems.",chemicals will smoke file the sky casual respiratory problems
common_voice_en_19547898,"Saint Albans, the Franklin County seat, is to the north.","St. Alvins, the Franklin County cities to the north."
common_voice_en_19627215,Its bloom period is July to October in North America.,Its clone pride is July to October in North America.
common_voice_en_19641357,Traditional cultural and religious mores tend to associate cross-dressing with homosexuality.,"Traditional, cultural and religious modes tend to associate cross-dressing with homosexuality."
common_voice_en_19641358,The town Bilecik is famous for its numerous restored Turkish houses.,The town Beylikik is famous for its numerous restored Turkish houses.
common_voice_en_19650760,"In contrast to hydromorphone, it is described as inactive.","In contrast to hydromorphone, it is described as inactive."
common_voice_en_19666439,Washington is thus one of the largest cities where seven-digit dialing is still possible.,Washington is thus one of the largest cities where seven-digit dialing is still possible.
common_voice_en_19666442,"Sweden won the group and advanced to the quarter-finals, along with Denmark.",Sweden won the group and advanced to the quarter-finals along the Denmark.
common_voice_en_19672834,The experiment was deemed a failure and never attempted again.,The experiment was deemed a failure and never attempted again.
common_voice_en_19672835,The rank insignia consisted of shoulder strap and sleeve lace.,The rank insignia consisted of shoulder traps and sleeves lace.
common_voice_en_19676008,Various conflicting accounts exist that describe saffron's first arrival in South and East Asia.,Various conflicting accounts exist that describe Safran's first arrival in South and East Asia.
common_voice_en_19704669,In that assembly he served several terms as speaker.,"In that assembly, he served seven times a speaker."
common_voice_en_19729842,Kieu Chinh and Anderson continue to serve as the Fund's co-chair.,QVCN and Anderson continue to serve as the firm's co-chair.
common_voice_en_19729843,Paulding is largely a bedroom community.,Paulding is largely a bedroom community.
common_voice_en_19939975,She was the only presenter to stay on air for the duration.,She was the only presenter to stay on air for the duration.
common_voice_en_19940196,His band does not usually use keyboards.,His band does not usually use keyboards.
common_voice_en_19941683,"This includes sessions at colleges, high schools, and the state's three law schools.","This includes sessions at colleges, high schools, and the state's three law schools."
common_voice_en_19947345,You are not fit to command.,you are not fit to command
common_voice_en_19962171,"Rewards for completing these include character concept art, new game modes, characters, and fatalities.",rewards for completing these include character concept art new games mode characters and fatalities
common_voice_en_19962548,The railroad crosses the river on the Kylling Bridge at the village of Verma.,The railroad crosses the river on the killing bridge at the village of Verma.
common_voice_en_19971615,Does an entry have to be reporting on a union?,Does an entry have to be reporting on a union?
common_voice_en_19971616,"There are separate elementary, middle and high schools.","There are separate elementary, middle and high schools."
common_voice_en_19982627,"Organisers officially canceled the second stage, though an unofficial shortened version was held.","Hello, it's up done to our sit down"
common_voice_en_19985202,The Football Association entered a Great Britain national amateur team to represent Great Britain.,The Football Association of the Inter-Decade Britain National Team is representing the United Nations.
common_voice_en_20027504,Villon's poems enjoyed substantial popularity in the decades after they were written.,Violin's poems enjoyed substantial popularity in the decades after they were written.
common_voice_en_20027505,He was born in Nuremberg.,He was born in Nuremberg.
common_voice_en_20115558,She also taught journalism at the University of California at Berkeley.,She also taught journalism at the University of California at Berkeley.
common_voice_en_20137222,"His poetry has features of a report, often with a distinct narrative story-line.","His poetry has features of a report, often with a distinct narrative storyline."
common_voice_en_20264169,He eventually led Pitt to five consecutive bowl games.,He eventually led Pitt to five consecutive bowl games.
common_voice_en_20264170,Buyers must continue to rely on their own knowledge and judgment.,Buyers must continue to rely on their own knowledge and judgment.
common_voice_en_20275070,"The fronds may be from long, depending on the species.",The frauds may be from long depending on the species.
common_voice_en_20292104,Cutt was the head of the seven-member royal provincial council.,Kurt was the head of seven member Royal Provisional Council.
common_voice_en_20405318,The planetoid orbits the Sun between Mars and Jupiter.,The planetoid orbits the Sun between Mars and Jupiter.
common_voice_en_20405322,The reservoirs are managed by Water Supplies Department of Hong Kong Government.,The reservoirs are managed by water supplier departments of Hong Kong government.
common_voice_en_20556516,"Stephen the First, the first king of Hungary, founded an episcopate there.","Stephen I, the first king of Hungary founded an episcopate there."
common_voice_en_20556517,Dunbar takes action but also takes a bullet leaving him blind.,Dunbar takes action but also takes a bullet leaving him blind.
common_voice_en_20685731,He can do a lot of things.,He can do a lot of things.
common_voice_en_20685733,Its county seat and largest city is Morgan.,It's QuantiSync and I just sitting in mall
common_voice_en_20688632,It also marked a temporary halt to any development of the game series.,It also marked a temporary halt to any development of the game series.
common_voice_en_20688664,Neither can be historically proven.,Neither can make historically bolder services for the nation.
common_voice_en_20688727,"The ""Old South"" also refers to the tradition of Southerners voting the Democratic ticket.",The Old South also refers to the tradition of Zangardz voting the democratic ticket.
common_voice_en_20688728,Watford is on the main Grand Union Canal route northwards from London.,But Ford is on the main Grand Union Canal route northwards from Madan.
common_voice_en_20688746,The best the quicker algorithm converges.,The best the quicker algorithm converges
common_voice_en_20688785,"When the girl improves, Charlotte takes her home to Boston.",I'm going to go home to Boston.
common_voice_en_20928833,She took up her hat and pinned it on.,She took up her hat and pinned it on.
common_voice_en_20928834,"Via his step-daughter, he was father-in-law to Labour politician Raymond Johansen.",where his stepdaughter was father-in-law to Labour politician Rambun Johnson.
common_voice_en_20984231,He earned a reputation as one of the best gunsmiths in the colony.,He earned a reputation as one of the best gunsmiths in the colony.
common_voice_en_20984234,"The railway uses a slightly different spelling for the town of ""Louisbourg"".",The railway used a slightly different spelling for the town of Lewisburg.
common_voice_en_21332805,He served on the Eastern Front.,He served on the Eastern Front.
common_voice_en_21332807,No damage was reported there.,No damage was reported there.
common_voice_en_21367754,The Second Boer War Battle of Modder River took place here.,The second Boer War battle of Model River took place here.
common_voice_en_21367755,The inhabitants would have preferred to remain as independent municipalities.,The inhabitants would have preferred to remain as independent municipalities.
common_voice_en_21401014,"According to it, both Iodame and Athena were daughters of Itonus.","According to it, both Iodame and Athena were daughters of Aetinos."
common_voice_en_21401015,"Thus, ""Mesopotamia"" required a new writing project for the band.",Does Mesopotamia require a new writing project for the band?
common_voice_en_21522616,"Internally it provided five registers plus the program counter, but no stack pointer.",internally it provided five registers plus the program contact but no stack pointer
common_voice_en_21522619,Attempts to reduce wave drag can be seen on all high-speed aircraft.,Attempt to reduce wave drag can be seen on all high-speed aircraft.
common_voice_en_21702346,It has five anicuts on it which regulates the flow of water.,It was 5 canisters on it which regulates the flow of water.
common_voice_en_21702349,The area was served by Saint Stephen Anglican Church and Wesley United Church.,The area was served by St. Stephen Anglican Church and Weasley Niagara Church.
common_voice_en_21730660,Major's comfortable re-election as Conservative Leader failed to restore his authority.,Major's comfortable re-elections as conservative leader failed to restore his authority.
common_voice_en_21730661,His high school track coach was legendary coach Kye Courtney.,His high school track coach was legendary coach Kay Courtney.
common_voice_en_21780812,The large Fortymile caribou herd roams near the highway.,The large 40 mile caribou herd roams near the highway.
common_voice_en_21780825,Some individuals may see a decrease in their symptoms within weeks or months.,Some individuals may see a decrease in their symptoms within weeks or months.
common_voice_en_22159151,nine,Nine.
common_voice_en_22334089,"Electric shears, a wrecking ball and oxy-acetylene torches were used.","Electric shears, a breaking ball and oxy-acetylene torches were used."
common_voice_en_22334090,It remained in the group's live set after Halliwell's departure.,It remained in the group's life set after Halliwell's departure
common_voice_en_22339444,They attacked in massed formations and died by the hundreds.,They attacked in massed formation and died by the hundreds.
common_voice_en_22495699,"There are two described species, both endemic to Brazil.",There are two described species both endemic to Brazil.
common_voice_en_22495717,She was awarded a battle honour.,She was awarded a Battle Honor
common_voice_en_22588810,"I'm more intrigued by the ""psychological"" experience: the disorientation, the absurdity, the terror.","I am more intrigued by the psychological experience, the disorientation, the absurdity, the terror."
common_voice_en_22588894,"The puzzle itself was designed by Paul Hoffman under the pseudonym ""Doctor Crypton"".",The puzzle itself was designed by Paul Hoffman under the pseudonym Dr. Krypton.
common_voice_en_22866439,The British continued to use the site as a hospital.,The British continue to use the site as a hospital.
common_voice_en_22968575,There is no intermediate status; nobody in enemy hands can be outside the law.,There is no intermediate status. Nobody in Henny Hands can be outside the law.
common_voice_en_22968579,Some dances show primarily a single influence.,Some dancers show primarily a single influence.
common_voice_en_23835356,"He also composed the theme song, ""Bit by Bit"", sung by Stephanie Mills.",He also composed the theme song Bit by Bit sung by Stephanie Mills.
common_voice_en_23835357,"Another house guest was Walter Hayes, vice-president of Ford of Europe.","Another house guest was Walter Hayes, vice president of Ford of Europe."
common_voice_en_23852945,Forty were killed by the Laurel Run Dam failure.,Forty were killed by the Laurel Run Dam failure.
common_voice_en_23852947,"In cities, driving speeds are set by which lane a driver is in.","In cities, driving speeds are set by which lane a driver is in."
common_voice_en_23964609,The fifth and current bishop is Robert Joseph McManus.,The fifth and current bishop is Robert Joseph MacMillan.
common_voice_en_23964610,Singleton had a daughter with each of her husbands.,Singleton had a daughter with each of her husbands.
common_voice_en_2396842,James read the information on the screen and could not believe it.,James read the information on the screen and could not believe it.
common_voice_en_23993139,This is farewell.,This is farewell
common_voice_en_24017916,"This entails a ""training in the art of prayer"".",This entails a training in the art of prayer.
common_voice_en_24564414,It was the fifth ascent of Talung.,It was the fifth ascent of Tallinn.
common_voice_en_24564417,"It was used in the film ""Sliding Doors"".",It was used in the film Sliding Doors.
common_voice_en_24960198,It is the pinnacle of the classic Malay civilisation.,It is the pinnacle of the classic Malay civilization.
common_voice_en_25187523,There is no support for varying aspect ratios or force feedback controllers.,There is no support for weighing aspect ratios or force feedback controllers.
common_voice_en_25224986,Richard appointed a group of local supporters to the council.,Richard appointed a group of local supporters to the council.
common_voice_en_25260,It's because you were not born.,It's because you were not born.
common_voice_en_25261,We've still got two bucks left!,We have still got two bucks left.
common_voice_en_2556789,How should I know?,How should I know?
common_voice_en_25613863,He walked more than twice as many batters as he struck out.,He walked more than twice as many batters as he struck out.
common_voice_en_25791238,The lower level of the church has an auditorium with a stage.,The lower level of the church has a rudiculous stage.
common_voice_en_25845292,"However, the song was not used until It's Hard.","However, the song was not used until its hard."
common_voice_en_25845294,It is located at a geographical headland and surrounds the town of Sisters Beach.,It is located at the geographical head land and surrounds the town of Sisters Beach.
common_voice_en_25861968,"He was the father of Olof Celsius, Nils Celsius and Johan Celsius.","He was the father of Honos Celsius, Neal Celsius and Johan Celsius."
common_voice_en_26072506,In this case one of his teammates will substitute a midfielder to keep up the pace.,"In this case, one of his teammates will substitute a midfielder to keep up the pace."
common_voice_en_26272203,She did not seem to be able to keep in personal touch with them.,She did not seem to be able to keep in personal touch with them.
common_voice_en_26675807,Gordon has a primary school and neighbourhood oval.,Jordan has a primary school and neighborhood oval.
common_voice_en_26675808,It isn't theatrical!,It isn't the afterthought.
common_voice_en_26940741,The song consists of three verses in total.,The sound and discs of J-Wheels are included.
common_voice_en_26945559,The path he has chosen for us is the right one!,The path he has chosen for us is the right one.
common_voice_en_26947132,Would he ever sleep again?,Would you ever sleep again?
common_voice_en_26947147,The mountain's forest is threatened by logging and the spread of agriculture.,The mountains forest is threatened by logging and the spread of agriculture.
common_voice_en_26950523,Tot finds a doll he'd lost and is allowed to take it with him.,Todd finds a doll he'd lost and is allowed to take it with him.
common_voice_en_26950526,"A Baraita taught that Zelophehad's daughters were wise, Torah students, and righteous.","A Beraita taught that Zalofahad's daughters were wise, Torah students and righteous."
common_voice_en_26956325,"For them, she performed in at least six silent films including one feature-length production.","For them, she performed at least 6 silent frames including one feature length reduction."
common_voice_en_26957757,Source code was closed until that.,source code was closed until that
common_voice_en_26957760,The widespread use of Chubynsky's lyrics among Ukrainophiles was very rapid.,The widespread use of Chabinsky's lyrics among Ukrainophiles was very rapid.
common_voice_en_27076011,He did this by obscuring the reflector with a mask containing two vertical slits.,We did this by obscuring the reflector with a mask containing two vertical slits.
common_voice_en_27171404,The Wixom plant itself was idled a year later.,The wisdom plant itself was idled a year later.
common_voice_en_27171405,"The book critically examined the claims of dowsing, homeopathy, parapsychology, perpetual motion and Ufology.","The book critically examined the claims of dowsing, homeopathy, parapsychology, perpetual motion and ufology."
common_voice_en_27287235,The architect for the redesign was Jon Jerde.,The architect for redesign was John Gerday.
common_voice_en_27287237,Wang Lun and his deputies eventually arrive on the scene and stop the fight.,Wang Lun and his deputies eventually arrive on the scene and start the fight.
common_voice_en_27406749,The other major difference between tropical and arctic alpine ecology is the temperature differences.,The other major difference between tropical and arctic alpine ecology is the temperature differences.
common_voice_en_27406751,This repair construction disrupts nearby habitats.,This repair construction disrupts nearby habitats.
common_voice_en_27655905,The site was from the sea and from London.,The site was from the sea and from London.
common_voice_en_27655907,"Like many transmorphs, she reverts to her human form if exhausted or knocked unconscious.","Like many transmorphs, she reverts to her human form if exhausted or knocked unconscious."
common_voice_en_27846447,"The town was briefly known as Smelter, before being renamed McGill, after the ranch.",The town was briefly known as Smelter before being renamed McGill after the ranch.
common_voice_en_27846449,"Born in Felixstowe, Suffolk, Paice went to the independent Framlingham College.","Born in Felixstorff, Suffolk, Price went to the Independent Framlingham College."
common_voice_en_28369449,Hanratty was on hand to see Brady Quinn break his record for passing touchdowns.,Henry was on hand to see Brady Queen break his record for passing touchdowns.
common_voice_en_28575663,Primary endosymbiosis involves the engulfment of a bacterium by another free living organism.,Primary endosymbiosis involves the engulfment of a bacterium by another free living organism.
common_voice_en_28775906,The ball struck the foul pole well above the Green Monster.,The ball struck the foul pole well above the green monster.
common_voice_en_28776327,"McIntyre, however, defeated Richter in two separate matches in Bill Watts's Mid-South Wrestling Association.","Klinta, however, defeated Richer in two separate matches in Bill Watt's Mid-South Wrestling Association."
common_voice_en_29312798,Commanders Robert Fancy and Ian McGhie were court martialled and reprimanded over the incident.,Commanders Robert Stancy and Ian McGinney were court-martialed and reprimanded over the incident.
common_voice_en_30512895,Blessed are those who have died in the Lord and have not seen them.,The best are those who have died in the Lord and have not seen Him.
common_voice_en_30512896,He also won the South African National Time Trial Championships at junior level.,He also won the South African National Time Travel Championship at junior level.
common_voice_en_30676706,"Rebellion then developed and released ""Evil Genius Online"".",Italian then developed and released Even Genius Online
common_voice_en_30676708,He oversaw the transition of the Danish navy from sail to early steam power.,He oversaw the transmission of a Danish Navy from sail to early stream power.
common_voice_en_31444527,Chernov has been wounded several times while working in conflict zones.,Chernov has been wounded several times while working in conflict zone.
common_voice_en_31444528,He also completed his PhD at Mysore University.,He also completed his PhD at Mysore University.
common_voice_en_31510273,It was called the Mudaliar Commission after him.,It was called the Modular Commission After.
common_voice_en_31510281,"Scholars agree that ""Karen"" historically refers to racism.",Scholars argue that Karen historically refers to racism.
common_voice_en_31692279,Leading to the conclusion that the dikes must have originated from separate magma chambers.,Rating to the conclusion that the dikes must have originated from separate magma chambers.
common_voice_en_31693746,Rafiqul was involved in the politics of Chhatra League in his student life.,Raufiqul was involved in the politics of Chhatra League in his student life.
common_voice_en_31693756,Later in the year she finally won election to Sheffield City Council.,"Later in the year, she finally won election to Sheffield City Council."
common_voice_en_31705666,He played for the youth categories of Real Betis.,he played for the youth categories of real betties
common_voice_en_31752858,His first trainers was Vitaliy Khmelnytskyi.,His first credits were with Ben Zuchinansky.
common_voice_en_32285338,Then the old quarries were used as landfills.,Then the authorities were used as landfills.
common_voice_en_33067832,You can thank God for your good fortune today.,You can thank God for your good fortune today.
common_voice_en_33067836,This required the demolition of several properties.,this required the demolition of several properties
common_voice_en_33226454,"Her other works include ""Christmas(Short film)"".",Her other works include Christmas short film
common_voice_en_33226457,The gang originated in the Minneapolis–Saint Paul metropolitan area.,The gang originated in the Minneapolis and Paul Metropolitan area.
common_voice_en_335847,Seize the day.,size the day
common_voice_en_34693,She joined up too.,She joined up to
common_voice_en_348928,Procrastination is the thief of time.,Procrastination is a thief of time.
common_voice_en_34954464,Other particle states originate from strings beginning and ending on the same D-brane.,Other particle states originate from strings beginning and ending on the same degree.
common_voice_en_34954466,"The corner stone was laid by Sir Mortimer Clarke, Lieutenant Governor of Ontario.","The car was shown on the late Wednesday in Montemar, Canada, left in an economy of Ontario."
common_voice_en_35066410,They'll get you the answer or let you know where to find it.,They will get you the answer or let you know where to find it.
common_voice_en_35066412,Thus a graph must be sparse enough to justify an adjacency list representation.,Thus a graph must be sparse enough to justify an adjacency list representation.
common_voice_en_35194177,The original county seat was the town of Ben Ficklin.,The original county seat was the town of Benficlean.
common_voice_en_35363363,The honeydew can rain down on neighboring and understory plants.,Honeydew can rain down on neighboring and understored plants.
common_voice_en_35571406,Ugly Duckling provides the intro music for Australian radio duo Hamish and Andy.,Ugly Duckling provides the intro music for Australian radio duo Hamish and Andy.
common_voice_en_36641653,They had no recognised uniform and wore practical clothing as the season required.,They had no recognized uniform and wore practical clothing as the season required.
common_voice_en_36641656,The economy is primarily based on coconut husking and farming.,The economy is primarily based on the coconut husking and farming.
common_voice_en_36643257,"He marched further that day, but later retreated to Farnham.","He marched further that day, but later retreated to Farnham."
common_voice_en_36643261,The majority of people who live in Leonville are Catholics.,The majority of people who live in Leonville are Catholics.
common_voice_en_36724595,"A large advocate of outdoor conservation, he works largely with Ducks Unlimited.","A large advocate of outdoor conservation, he works largely with ducks unlimited."
common_voice_en_36724596,"They typically form proximally during Strombolian eruptions, and are common at strongly peralkaline volcanoes.",They typically come approximately during strong beryllium eruptions and are common at strongly pergolined volcanoes.
common_voice_en_36734620,It might be in this writer's Top Ten!,It might be in this writer's top 10.
common_voice_en_36736777,They have two adult sons.,They have two adult sons.
common_voice_en_36800746,The bedroom farce is perhaps the most common form of farce.,The bedroom farce is perhaps the most common form of farce.
common_voice_en_36823641,There are six stamens.,There are six stamens.
common_voice_en_36860119,He is Catholic and a member of the Social Democratic Party of Germany.,He is Catholic and a member of the Social Democratic Party of Germany.
common_voice_en_36860122,The municipality consists of many islands.,The municipality consists of many islands.
common_voice_en_36863845,"However, its location and other information is yet to be announced.","However, its location and other information is yet to be announced."
common_voice_en_36863846,The hotel is located right opposite Galle Face Green facing the Indian Ocean.,The hotel is located right opposite Galle Face Green facing the Indian Ocean.
common_voice_en_36925177,Many of the priests and old chiefs are considered sacred persons.,Many of the priests and old chiefs are considered sacred persons.
common_voice_en_36927405,The intention of fertilizing the seed by means of the sacred cedar is unmistakable.,The intention of fertilizing the seed by means of the sacred cedar is unmistakable.
common_voice_en_36927420,The actors consciously supported the high parts of gods and goddesses.,The actors consciously supported the high parts of gods and goddesses.
common_voice_en_36933910,I dreamed I was walking through a fine rich country.,I dreamed I was walking through a fine rich country.
common_voice_en_36933912,The Grand Lama was worshiped as a true and living god.,The Grand Lama was worshipped as a true and living God.
common_voice_en_36992757,"Rabbits, mice, ground squirrels, birds, insects and lizards are staples.","Rabbits, mice, ground squirrels, birds, insects and lizards are staples."
common_voice_en_36992760,Adyar has a bus depot operating both intra-city and inter-city buses.,Adyar has a bus depot operating both intra-city and intra-city buses.
common_voice_en_37012934,Alyx and Fafhrd's affair is mentioned.,Alice and the fairy affair is mentioned
common_voice_en_37021060,"More recent popular titles include ""Prime Suspect,"" ""The Forsyte Saga,"" ""Sherlock,"" and ""Downton Abbey"".","More recent popular titles include Trump's Specter, Forsyth, Saga, Sherlock and Downton Abbey."
common_voice_en_37021989,Botswana sent two boxers to Athens.,Botswana sent a boxer to Adams.
common_voice_en_37024617,Kemmerich was thus elected the new Thuringian Minister President.,Kamaric was thus elected the new Thuringian Minister President.
common_voice_en_37032601,The installations that form the basis for any operation or system.,the installations that form the basis for any operation or system
common_voice_en_37032602,"The settlement's principal tourist attraction is the famous Borisoglebsky Monastery, now a museum.","The settlement's principal tourist attraction is the famous Borys Glybecki Monastery, now a museum."
common_voice_en_37035266,She was the first foreigner in Japan to receive the award.,She was the first foreigner in Japan to receive the award.
common_voice_en_37035269,Meir Park and Dizengoff Street are named after him.,Meer Park and Dissenghoff Street are named after him.
common_voice_en_37045701,Boyd was not always popular with rank-and-file officers.,The
common_voice_en_37121837,Machan argued against animal rights in his widely reprinted paper Do Animals Have Rights?,Macken argue against animal rights in his widely reprinted paper do animals have rights
common_voice_en_37236919,A rip line simultaneously tears open the top of the balloon.,A rip-lens Hamilton is retired so open the top of the bedroom
common_voice_en_37236920,"John Canoe, from Axim, Ghana, was an Akan from the Ahanta.",John Canoe from Axiom Ghana was an icon from the AHAARTA.
common_voice_en_37264767,"Barsi's first role was in ""Fatal Vision"", playing the three-year-old Kimberley MacDonald.","Barsi's first role was in Fatal Vision, playing the three-year-old Kim Ming McDonnell."
common_voice_en_37277971,Even the guards who line the road must turn their backs.,Even the gods who line the road must turn their backs.
common_voice_en_37300152,A dining area was set up in the resulting space.,my timing video was set up in the accepting space
common_voice_en_37318569,It is located to the northwest.,It is located to the North West.
common_voice_en_37318570,This was done in the imperial household until the end of the Edo era.,This was done in the imperial household until the end of the Edo era.
common_voice_en_37323803,"Jef Raskin jokingly stated: Yes, we named our software after a bug.","Jeff Reskin jokingly stated, yes, we named our software after a bug."
common_voice_en_37329538,"Subsequently, an anterior approach was introduced.",Subsequently an anterior approach was introduced.
common_voice_en_37329539,The way of heaven is distant and unknown.,The way of heaven is distant and unknown.
common_voice_en_37329970,Mr. Dooley reputedly sold over a million copies.,Mr. Dooley reputedly sold over a million copies.
common_voice_en_37330923,It was in this area that numerous families of African-American descent settled.,It was in this area that numerous families of African American descent settled.
common_voice_en_37431886,The launching station incorporates a tracking camera with two lenses.,These are launching station incorporates of tracking camera with two lenses.
common_voice_en_37498102,He was ten years old when his father was assassinated.,He was 10 years old when his father was assassinated.
common_voice_en_37498104,He has six children and nine grandchildren.,He has six children and nine grandchildren.
common_voice_en_37523689,"For Maron, all was connected to God and God was connected to all.","For Madan, all was connected to God and God was connected to all."
common_voice_en_37523691,They toured with Paul Weller and Razorlight.,They toured with ball weller and razor light.
common_voice_en_37527871,The legislature considered the Committee's recommendations for curbing and countering radical propaganda.,The legislature considered the committee's recommendations for curbing and countering radical propaganda.
common_voice_en_37527873,"Furthermore, the equations of motion impose that the Romans mass is constant.",furthermore the equations of motion impose that the roman's mass is constant
common_voice_en_37556225,"She has also taken Isabel captive after the ""escape"" and kills Sandra.",She has also taken Isabelle captive after the escape and killed Sandra.
common_voice_en_37556227,Most Egyptian gods were at some time identified with the sun.,Most Egyptian Gods were at some time identified with this one.
common_voice_en_37570166,Ancient basaltic lava flows gave birth to much of the region.,Ancient basaltic lava flows gave birth to much of the region.
common_voice_en_37570169,The mother goes to the ash-heap behind the hut.,The mother goes to the ash heap behind the hut.
common_voice_en_37597194,The musicality of poetry was and is extremely important to his work.,The musicality of poetry was and is extremely important to his work.
common_voice_en_37597195,The Tourist Information Center is run by the Virden Chamber of Commerce.,The tourist information center is run by the Verden Chamber of Commerce.
common_voice_en_37627009,"Indeed, ""Berlin work"" became practically synonymous with ""canvas work"".",Indeed Berlin work became practically synonymous with canvas work.
common_voice_en_37627010,The next generation of British zoologists contained both Charles Darwin and Alfred Russel Wallace.,The next generation of British zoologists contained both Charles Darwin and Alfred Russell Wallace.
common_voice_en_37667969,The hilly regions surrounding the Maya Mountains are formed from Cretaceous limestone.,The hilly regions surrounding the Maya Mountains are formed from Cretaceous limestone.
common_voice_en_37740855,Isabella walked at the coronation of Queen Anne.,Isabella walked at the coronation of Queen Anne.
common_voice_en_37740856,He then sent a detachment to attack the military frontier post of Dourados.,He then sent a detachment to attack the military frontier post of Dordogh.
common_voice_en_37759529,But another thought came to him.,But another thought came to him.
common_voice_en_37759530,Stanton-on-the-Wolds Golf Club is situated about a mile from the village centre.,Stanchion on the walls golf club is situated about a mile from the village center.
common_voice_en_37799324,The district is located between the two mountain areas Westerwald and Taunus.,The district is located between the two mountain areas Westwald and Daunis.
common_voice_en_37799327,"Compounding this problem, howling winds drive most of its residents mad.","Compiling this problem, howling winds drive most of the questions mad."
common_voice_en_37811262,The Adena ground stone tools and axes.,"The arena grounds stones, tools and exits."
common_voice_en_37811263,Loved it.,Love it!
common_voice_en_37828418,"“I am quite aware of that,” she replied.",I am quite aware of that she look like
common_voice_en_37845173,"Zigomanis was born in North York, Ontario, but grew up in Markham, Ontario.","Zigomanes was born in North York, Ontario but grew up in Malcom, Ontario."
common_voice_en_37853057,The Detroit School of Arts offers only Spanish as a foreign language.,The Detroit School of Arts offers only Spanish as a foreign language.
common_voice_en_37853059,Her parents and her daughter also moved to Mizoram.,Her parents and her daughter also moved to Mizoram.
common_voice_en_37892950,"Four villages grew within its borders: Girard, Churchill, Sodom, and Seceders Corners.","Four villages grew within its borders. Gregard, Churchill, Sodom and Caesars corner."
common_voice_en_37907193,Such items can easily be found as surplus and obtained at very little expense.,Such items can easily be found as surplus and obtained at very little expense.
common_voice_en_37911514,"First numeral describes font weight, second numeral describes font width, third numeral describes position.","First numeral describes font width, second numeral describes font width, third numeral describes position."
common_voice_en_37911516,"Peloza appealed to the Supreme Court, which declined to hear the case.",Telosa appealed to the Supreme Court which declined to hear the case.
common_voice_en_37935402,"Eachard's own sermons, however, were not superior to those he satirized.","Ichard's own sermons, however, were not superior to those he satirized."
common_voice_en_37947792,Copyright functions by granting the author the right to exclude others.,Copyright functions by granting the author the right to exclude others.
common_voice_en_37947793,"Cry babies on ""I'll Take You Back"": Tim Owens and Robert Arthur.","Crybabies on I'll Take You Back, Tim Owens and Robert Arthur."
common_voice_en_37950198,"Ashcroft was an avid football player, playing junior football for Wigan Athletic.",Ashcroft was an avid football player playing junior football for Wigan Athletic.
common_voice_en_37950200,Thus a detached shock is formed and a more complicated reflection occurs.,Thus a detached shock is formed and a more complicated reflection occurs.
common_voice_en_37950720,"Medicinal plants include Chinese caterpillar fungus, Fritillaria and Codonopsis.","Medicinal plants include Chinese caterpillar fungus, Fritillaria and Codonopsis."
common_voice_en_37950723,The women also sport pink splash-tops and lycra in the summer months.,The woman also sport pink splash tops and lycra in the summer months.
common_voice_en_37984062,"Some researchers identify Mount Meru or Sumeru with the Pamirs, northwest of Kashmir.",Some researchers identify Mount Meru or Sumeru with Pamirs northwest of Kashmir.
common_voice_en_37984064,It was the first state title under head coach Jim Bocci.,It was the first state title under head coach Jim Bocchi.
common_voice_en_37985024,Fuchsite crystallizes in the monoclinic crystal system.,Fulcite crystallizes in the monoclinic crystal system.
common_voice_en_38004990,Thus the Byzantines were forced to fight alone.,Thus the bison tens were focused to fight lone.
common_voice_en_38007655,Among its principal leaders was Daniel Cohn-Bendit.,Among its principal leaders was Daniel Cohen Bendit.
common_voice_en_38011046,It would have been her first marathon starting with the elite field.,It would have been her first marathon starting with the light field.
common_voice_en_38011049,"Deciduous woodlands are dominated by trees such as wild seringa, copalwood and Zambezi teak.","Decidious woodlands are dominated by trees such as wild seringa, copalwood and zambesi teak."
common_voice_en_38013834,It goes by the common name of Wright's amaranth.,It goes by the common name of Wright's Amurath.
common_voice_en_38013836,His daughter Nigar Hazi also denied all charges.,"His daughter, Niger, has also denied all charges."
common_voice_en_38017075,"The school offers many unique and different classes, ranging from astronomy to television production.",The school offers many unique and different classes ranging from astronomy to television production.
common_voice_en_38046793,"Struve attempted to build a national school in this area, but with limited success.",Struve attempted to build a national school in this area but with limited success.
common_voice_en_38046796,The other candidates barely made a showing.,The other candidates barely made a showing.
common_voice_en_38091212,"Because ""Little Big Mom"" deals with leprosy, it has never been released in Japan.","Because Little Big Mom deals with leprosy, it has never been released in Japan."
common_voice_en_38091215,He also transcribed music from other sources for the organ.,He also transcribed music from other sources for the organ.
common_voice_en_38110336,Counter Intelligence Corps headquarters in Genoa.,Counterintelligence Corps headquarters in Genoa.
common_voice_en_38110338,Cem became the leader of the party.,Sem became the leader of the party.
common_voice_en_38135743,Fuji Dream Airlines has its headquarters in Makinohara.,Fuji Dream Airlines has its headquarters in Makinuhara.
common_voice_en_38174426,"The higher the degree of substitution, the more stable a carbocation generally is.",the higher the degree of substitution the more stable a car vacation generally is
common_voice_en_38174427,"The ""unfinished"" barrage was the cause of much embarrassment to the Welsh Assembly.",The unfinished barrage was the cause of much embarrassment to the Welsh Assembly.
common_voice_en_38184000,It is dark rufous brown above and paler rufous brown below.,it is dark office brown above and paler office brown below
common_voice_en_38184018,Cacheris is the son of a Greek immigrant.,Cateris is the son of a Greek immigrant.
common_voice_en_38199426,A remixed and remastered edition of Sluggo!,A Remixed and Remastered Edition of Sluggoo
common_voice_en_38236253,"The founder members were Allah Dita Khan, Skintaj and Rajasab Ali of Azad Kashmir.","The founder were Alladeeta Khan, Skintraj and Rajasaheb Ali of Azad Kashmir."
common_voice_en_38255726,Dionysus was the last king of the gods appointed by Zeus.,Dionysus was the last king of the gods appointed by Zeus.
common_voice_en_38279877,Children are warned against straying in the corn because the fox is there.,Children are warned against straying in the corn because the fox is there.
common_voice_en_38279879,The next act opens with a repetition of the forging of a plowshare.,The next act opens with a repetition of the forging of a plowshare.
common_voice_en_38283661,"When a dead whale is washed ashore, the people accord it a solemn burial.","When a dead whale is washed ashore, the people accord it a solemn burial."
common_voice_en_38283664,The growth of the garden is the growth of the divine substance.,The growth of the garden is the growth of the divine substance.
common_voice_en_38297874,I gave bread to the hungry and clothes to the naked.,I gave bread to the hungry and clothes to the naked.
common_voice_en_38297928,"These four days corresponded to the thirteenth, fourteenth, fifteenth, and sixteenth of November.","These four days corresponded to the 13th, 14th, 15th and the 16th of November."
common_voice_en_38299559,Are they mere diversions meant to while away the tedium of the holidays?,Are they mere diversions? Why love with the tedium of the holidays?
common_voice_en_38313463,"In time, its decision was accepted by the Eastern Church.","In time, its decision was accepted by the Eastern Church."
common_voice_en_38328912,"The town has one airport, Makokou Airport.","The town has one airport, Makoko Airport."
common_voice_en_38328917,"He married a minister's daughter, with whom he had a daughter and son.",He married a minister's daughter with whom he had a daughter and son.
common_voice_en_38337329,Cleveland's men rescued him and captured Riddle and two others.,Cleveland's men rescued him and captured Riddle and two others.
common_voice_en_38350944,Ariton is part of the Ozark Micropolitan Statistical Area.,Elton is part of the Ozark Micropolitan Statistical Area.
common_voice_en_38350945,The Republican Party controls politics at the local level in Clark County.,The Republican Party controls politics at the local level in Clark County.
common_voice_en_38361992,"When a person is sufficiently fatigued, microsleeps may be experienced.","When a person is sufficiently fatigued, micro-sleeps may be experienced."
common_voice_en_38389712,The episodes are edited by Hewlett himself.,The episodes are edited by Hewlett himself.
common_voice_en_38409887,The series of records was then named Mercury Living Presence.,The series of records was then named Mercury Living Presence.
common_voice_en_38409888,"The comic series has spawned a film serial, a radio series and a novel.","The comic series has spawned a film serial, a radio series and a novel."
common_voice_en_38458960,It is endemic to Western Tropical Africa.,It is endemic to Western tropical Africa.
common_voice_en_38461334,"It aired on Astro Ria, which is hosted by Malaysia's satellite provider, Astro Malaysia.",It aired on Astroria which is hosted by Malaysia satellite provider Astromalacia.
common_voice_en_38461339,The boat's wake drags the humans into the river and towards a waterfall.,The boat's wake drags the humans into the river and towards a waterfall.
common_voice_en_38524458,I wish he would arrive!,I wish he would arrive.
common_voice_en_38524461,His determination of spreading his knowledge was taken very seriously.,His determination of spreading his knowledge was taken very seriously.
common_voice_en_38525179,Two of John F. Kennedy's books are almost entirely credited to ghostwriters.,Two of John F. Kennedy's books are almost entirely credited to ghostwriters.
common_voice_en_38525180,Is there no regenerating of these political Sodomites?,Is there no regenerating of these political sodomites?
common_voice_en_38525927,Bugs thinks he's been brought out to perform.,Bugs thinks he's been brought out to perform.
common_voice_en_38559359,Then he worked as a door-to-door insurance salesman.,Then he worked as a door-to-door insurance salesman.
common_voice_en_38576003,The two front men were both blond and very intense.,The two front men were both blond and very intense.
common_voice_en_38579138,Headon lies within Headon cum Upton civil parish for local administrative identity.,"Hedden lies within Hedden, come Upton civil parish for local administrative identity."
common_voice_en_38587292,The trooper was never charged with any foul play.,The trooper was never charged with any foul play.
common_voice_en_38625438,"Ashur's brothers were Elam, Arphaxad, Lud, and Aram.","Asur's brothers were Ilum, Arfak, Saad, Lord and Aram."
common_voice_en_38663258,He died in the attentive care of staff at the Mater Hospital in Dublin.,He died in the attentive care of staff at the Mater Hospital in Dublin.
common_voice_en_38663260,"The band's longest engagement was at Hollenden Hotel's Vogue Room in Cleveland, Ohio.","The band's longest engagement was at the Orlandin Hotel's Vogue Room in Cleveland, Ohio."
common_voice_en_38729339,"Then, a stunt double would have performed a second shot at a higher altitude.",The next turn double would have performed a second shot at a higher altitude.
common_voice_en_38743450,The channel also operates a separate feed for the United Kingdom.,The channel also operates a separate feed for the United Kingdom.
common_voice_en_38867974,The station is owned by New River Community Church.,This station is owned by New River Community Church.
common_voice_en_38991758,"The victorious king all members of the Orbeli clan, excepting two brothers who escaped.",The Victorious King all members of Orbele clan excepting two brothers who escaped.
common_voice_en_3900314,Angela wanted to copy everything he had done.,Angela wanted to copy everything we had done.
common_voice_en_39263163,"They had one daughter, Charlotte Brown Swanson.","They had one daughter, Charlotte Brown Swanson."
common_voice_en_39263165,He continues to live in Houston with his wife Jaclyn.,"He continues to live in Houston with his wife, Jaisalyn."
common_voice_en_39350221,The second level involves crossing a bridge by swinging on spider threads.,The second level involves crossing a bridge by swinging on spider threads.
common_voice_en_39350227,He reverted to his present condition.,He reverted to his present condition.
common_voice_en_39388217,"It contains numerous ponds, waterworks, and wooden Chinese pavilions.","It contains numerous ponds, waterworks and wooden Chinese pavilions."
common_voice_en_39544587,Track is standard gauge.,Track is standard gauge
common_voice_en_39544787,"Niles invented a process for making wire, and erected mills in Norwich.",Niles invented a process for making wire and erected mills in Norwich.
common_voice_en_39568375,The birdlife to be found in this municipality is characteristic for the region.,The bird life to be found in this municipality is characteristic for the region.
common_voice_en_39568447,Her father is of Irish and Spanish descent.,Her father is of Irish and Spanish descent.
common_voice_en_39568460,"Humic substances, including humin, have not been observed in soils using modern analytical techniques.","Humic substances, including human, have not been observed in soils using modern analytical techniques."
common_voice_en_39573210,"Naval officers participated in two riots, known as Naval Riots.",Naval Officers participated in two roids known as Naval Roids.
common_voice_en_39584147,Rest stops were set up along the route of the march to Beni.,Rest stops were set up along the route of the march to Bennie.
common_voice_en_39584202,"A ""component instance"" was created by ""opening"" a component.",A component instance was created by opening a component.
common_voice_en_39585939,The game is long out of production.,The game is long out of production.
common_voice_en_39586417,"Five years later, Mermans entered the first team.","Five years later, mermans enter the first stream."
common_voice_en_39589774,"However, it runs poorly.",however it runs poorly
common_voice_en_39599037,"Argentina, Switzerland and Turkey were the only nations that did not earn any medals.","Argentina, Switzerland and Turkey were the only nations that did not earn any medals."
common_voice_en_39599038,Anastasia died at the scene.,Anastasia died at the scene.
common_voice_en_39608444,His companions painted their faces in alternate perpendicular stripes of black and red.,His companions painted their faces in alternate perpendicular stripes of black and red.
common_voice_en_39610034,"After his athletics career, Riddick was a coach at Norfolk State University.","After his athletics career, Riddick was a coach at Norfolk State University."
common_voice_en_39625125,More inclusive surveys may offer more options.,More inclusive surveys may offer more options.
common_voice_en_39639898,If he complied with the injunction the rice would grow well.,If he complied with the injunction the rice would grow well.
common_voice_en_39646635,"While criticized for his coaching abilities, his ability to recruit was not in question.","While criticized for his coaching abilities, his ability to recruit was not in question."
common_voice_en_39646638,This long article strongly criticized the undemocratic practice of Mao and Deng.,This long article strongly criticized the undemocratic practice of Mao and Deng.
common_voice_en_39653346,"Therefore, according to Kircher, Snakestones worked.","Therefore, according to Kertcher, snake stones worked."
common_voice_en_39670008,Fire suppression activities had failed to exclude fire from the southern California chaparral.,Fire suppression activities had failed to exclude fire from the Southern California chaparral.
common_voice_en_39671717,"After the end of his contract, he was succeeded by Dror Kashtan.","After the end of his call, he was succeeded by Dror Kastor."
common_voice_en_39685429,The general definition is as follows.,The general definition is as follows.
common_voice_en_39745071,"Unfortunately, she did not placed in the pageant that time.","Unfortunately, she did not taste in the pigeon that time."
common_voice_en_39745072,Orange was a strategically important location during the American Civil War.,Orange was a strategically important location during the American Civil War.
common_voice_en_39745077,The opposing kind of dicto simpliciter is accident.,The opposing kind of dictors visitor is accident.
common_voice_en_39745079,"The head is broad, with an oblong snout and hairy, tufted ears.","The head is broad with an oblong snout and hairy, gifted ears."
common_voice_en_39747653,"To primitivists, domestication enslaves both the domesticated species as well as the domesticators.","To primitivists, domestication enslaves both the domesticated species as well as the domesticators."
common_voice_en_39780448,"InfraGard focuses on the development, management and protection of critical infrastructure.","InfraGard focuses on the development, management and protection of critical infrastructure."
common_voice_en_39780450,"Many frequent Buzztime players are enrolled in the ""Players Plus"" program.",Many frequent buzz time players are enrolled in the Players Plus program.
common_voice_en_39809054,It was covered by Jeff Buckley.,It was covered by Jeff Beckley.
common_voice_en_39841185,When not being used by the major events the track can be rented.,when not being used by the major event the track can be redone
common_voice_en_39841188,The show's surreal humour was popular with critics.,The show's relevant rumours was popular with critics.
common_voice_en_39902699,Eric Henderson is a decorated Army tactical officer.,Eric Henderson is a decorated army tactical officer.
common_voice_en_39902710,Metaphysics is a branch of philosophy that studies the fundamental nature of reality.,Metaphysics is a branch of philosophy that studies the fundamental nature of reality.
common_voice_en_39930855,"She wrote the entry on Kurds in ""The Harvard Encyclopedia of American Ethnic Groups"".","She wrote the entry on Kurdism, the Harvard Encyclopedia of American Ethnic Groups."
common_voice_en_39934525,Westman accepted and Rosenberger was voted out.,Westman accepted and Rosenberger was voted out.
common_voice_en_39934526,The word 'inch' actually refers to the area of the hole in 'square inches'.,The word inch actually refers to the area of the hole in square inches.
common_voice_en_39963849,"The island is divided into three districts - Bridgetown, Northern and Southern Districts.","The island is divided into three districts, Bridgetown, Northern and Southern districts."
common_voice_en_39997575,A number of provincial highways run north to south through the county.,A number of provincial highways run north to south through the county.
common_voice_en_40021346,The station was near the southern edge of Bedwellty Park.,The station was near the southern edge of Bad Velti Park.
common_voice_en_40066227,The buns are topped with chocolate.,the buns are topped with chocolate
common_voice_en_40069142,Track durations taken from shop listing.,Track durations taken from shop listing
common_voice_en_40069143,The community is an unincorporated area of the Town of North Hempstead.,The community is an unincorporated area of the town of North Hempstead.
common_voice_en_40071325,"This behaviour, known as ""tripoding"", is quite common in monitor species.",This behavior known as tripwording is quite common in monitor species.
common_voice_en_40116738,This branch is filled with friction composition in which a friction bar is embedded.,This planche is filled with friction composition in which a friction bar is embedded.
common_voice_en_40169034,The legendary founder of Littleport was King Canute.,The legendary founder of Little Pot was King Canold.
common_voice_en_40193653,Buffalo Springs is served by the Roosevelt Independent School District.,Buffalo Springs is served by the Roswold Independent School District.
common_voice_en_40319941,A Fire button shoots the player craft's weaponry.,A fire button shoots. The player crafts weaponry.
common_voice_en_40354111,There is a health center in Varda.,"There is a hell centenium, Barda."
common_voice_en_40391095,Both pods include landing lights.,Both pods include landing lights.
common_voice_en_40409829,"In microprocessors, branch prediction permits avoidance of pipeline emptying at branch instructions.","In microprocessors, branch prediction permits avoidance of pipeline and Tinkert branch instructions."
common_voice_en_40603402,The agency is managed by the Office for the Coordination of Humanitarian Affairs.,The agency is managed by the Office for the Coordination of Humanitarian Affairs.
common_voice_en_40613498,Any passerby who chances to kick it over is sure to absorb the illness.,Any passerby who chances to kick it over is sure to absorb the illness.
common_voice_en_40613499,The hills are nestled near the town of Nandi.,The hills are nestled near the town of Nandi.
common_voice_en_40631380,The females are usually larger than the males.,The females are usually larger than the males.
common_voice_en_40841638,The geyser erupts sometimes to a height of or more.,The geyser erupts sometimes to the height of our maul.
common_voice_en_40863387,"Pickhaver has three sisters Jane, Anne and Mary and a brother Mark.","Pig Hever has three sisters Jane, Annie and Mary and a brother Mark."
common_voice_en_40863391,The original short story is also set on Sark.,The original short story is also set on Sark.
common_voice_en_40886852,Norfolk Island is the only non-mainland Australian territory to have had self-governance.,"Norfolk, I-land is the only non-mainstream Australian territory to have had self-governance."
common_voice_en_40907944,This has added excitement to numerous pennant races over the years.,This has added excitement to numerous pennant races over the years.
common_voice_en_40921264,"He did not play in the World Series, but received a ring regardless.",He did not play in the World Series but received a ring regardless.
common_voice_en_40925331,The writers sought to give every family member their own story.,The writers sought to give every family member their own story.
common_voice_en_40946998,Three men were arrested in connection with Smith's murder.,Three men were arrested in connection with Smith's murder.
common_voice_en_40993865,He had at least four children.,He had at least four children.
common_voice_en_40993869,"As President, Giri was the only person to be elected as an independent candidate.","As president, Giri was the only person to be elected as an independent candidate."
common_voice_en_41069987,The southernmost end of the island is owned by West Virginia.,The southernmost end of the island is owned by West Virginia.
common_voice_en_41083329,The film was narrated by the American actor and baritone Thomas Hardie Chalmers.,The film was narrated by the American actor and baritone Thomas Hardy Chalmers.
common_voice_en_41084336,Zucker opposed the change.,Zucker opposed the change.
common_voice_en_41142130,It is notable for being the headquarters of the luxury automobile manufacturer Automobili Lamborghini.,"It is notable for being the headquarters of the luxury automobile manufacturer, Automobili Lamborghini."
common_voice_en_41284140,"In Lao, represents a doubled word.",In Lao represents a doubled world
common_voice_en_41459441,It can also use hardware acceleration to get better encryption performance.,I can also use hardware to get better.
common_voice_en_41466617,No reply: very odd.,no reply very odd
common_voice_en_41466620,The company specialises in manufacturing carbon chemicals from coal tar.,The company specializes in manufacturing carbon chemicals from coal tar.
common_voice_en_41544586,Television audiences were subject to the same type of surveillance and manipulation.,Television audiences were subject to the same type of surveillance and manipulation.
common_voice_en_41629760,"It also likes flower nectar, fruit and some seeds.",it also likes flower nectar fruit and some seeds
common_voice_en_41825876,Critical reaction was mainly positive.,Critical reaction was mainly positive
common_voice_en_41844055,This project does not seem to be actively maintained.,This project does not seem to be actively maintained.
common_voice_en_41851166,"During World War One, Bliss ministered to French and Belgian soldiers interned in Switzerland.","During World War I, the French and Belgian soldiers interned in Switzerland."
common_voice_en_41862327,The one with the lowest total cumulative time is the general leader.,The one with the lowest total cumulative time is the general leader.
common_voice_en_41872164,His most important work was in the field of transformations pioneered by Sophus Lie.,His most important work was in the field of transformations pioneered by Sophos Lai.
common_voice_en_41943927,This has been referred to as the pillar-erect posture.,This has been referred to as the pillar erect posture.
common_voice_en_41975059,"The train station, named ""Wiesloch-Walldorf"", is located between the two towns.",The train station named Weisslodge Waldorf is located between two towns.
